year_month,mean_amount,mean_taxes
2024-06,723.693333333,59.6676
2024-08,745.525,80.794225
2024-11,440.945,42.95155
2025-01,494.2475,55.060625
